<?xml version="1.0" encoding="UTF-8"?>
<root>
	<Charisma_Factor>_root.CharismaFactor</Charisma_Factor>
	<Morality_Factor>_root.MoralityFactor</Morality_Factor>
	<Cooking_Factor>_root.CookingFactor </Cooking_Factor>
	<Conversation_Factor>_root.ConversationFactor </Conversation_Factor>
	<Cleaning_Factor>_root.CleaningFactor</Cleaning_Factor>
	<Fatigue_Factor>_root.FatigueFactor</Fatigue_Factor>
	<Blowjob_Factor>_root.BlowjobFactor </Blowjob_Factor>
	<Fuck_Factor>_root.FuckFactor </Fuck_Factor>
	<Nymphomania_Factor>_root.NymphomaniaFactor </Nymphomania_Factor>
	<Libido_Factor>_root.LibidoFactor </Libido_Factor>
	<Sensibility_Factor>_root.SensibilityFactor </Sensibility_Factor>
	<Refinement_Factor>_root.RefinementFactor </Refinement_Factor>
	<Intelligence_Factor>_root.IntelligenceFactor </Intelligence_Factor>
	<Constitution_Factor>_root.ConstitutionFactor</Constitution_Factor>
	<Temperament_Factor>_root.TemperamentFactor</Temperament_Factor>
	<Obedience_Factor>_root.ObedienceFactor </Obedience_Factor>
	<Special_Factor>_root.SpecialFactor</Special_Factor></root>
